{
  "__version__": "1.0.3",
  "builder": {},
  "gizmos-infos": {
    "is2D": true,
    "is3DIcon": false,
    "iconSize": 2,
    "gridVisible": true,
    "originAxis2D": {
      "x_visible": true,
      "y_visible": true,
      "z_visible": false
    },
    "originAxis3D": {
      "x_visible": true,
      "y_visible": false,
      "z_visible": true
    },
    "gridColor": [
      166,
      166,
      166,
      255
    ],
    "transformToolName": "position",
    "pivot": "pivot",
    "coordinate": "local",
    "toolsVisibility3d": true
  },
  "snap-configs": {
    "position": {
      "x": 1,
      "y": 1,
      "z": 1
    },
    "rotation": 1,
    "scale": 1,
    "isPositionSnapEnabled": false,
    "isRotationSnapEnabled": false,
    "isScaleSnapEnabled": false
  },
  "rect-snap-configs": {
    "enableSnapping": true,
    "snapThreshold": 4
  },
  "camera-infos": {
    "deda32f7-c2b6-49ec-b169-bb5dd8dd5b59": {
      "position": {
        "x": 2239.809358803437,
        "y": 2239.809358803437,
        "z": 2239.8093588034367
      },
      "rotation": {
        "x": -0.27984814233312133,
        "y": 0.3647051996310009,
        "z": 0.11591689595929512,
        "w": 0.8804762392171493
      },
      "viewCenter": {
        "x": 0,
        "y": 0,
        "z": 0
      },
      "contentRect": {
        "x": 0,
        "y": 0,
        "width": 1702,
        "height": 1025
      },
      "scale": 1
    },
    "48c75f9a-9215-4519-9d61-13bc8eeedc2f": {
      "position": {
        "x": 306.6263565238809,
        "y": 327.41017197695504,
        "z": 5000
      },
      "rotation": {
        "x": 0,
        "y": 0,
        "z": 0,
        "w": 1
      },
      "viewCenter": {
        "x": 0,
        "y": 0,
        "z": 0
      },
      "contentRect": {
        "x": -730.3076719621318,
        "y": -297.0653739679116,
        "width": 1702,
        "height": 1025
      },
      "scale": 0.8206886615945204
    },
    "f9cf2f7b-d08d-44b8-af2f-eceb86a0b611": {
      "position": {
        "x": 479.99999999999994,
        "y": 320.0000000000001,
        "z": 5000
      },
      "rotation": {
        "x": 0,
        "y": 0,
        "z": 0,
        "w": 1
      },
      "viewCenter": {
        "x": 0,
        "y": 0,
        "z": 0
      },
      "contentRect": {
        "x": -279.0801393728223,
        "y": -137.14285714285708,
        "width": 1702,
        "height": 1025
      },
      "scale": 1.12109375
    },
    "6ef0ca5e-8480-4e87-bb90-0fa1ab2e8e2e": {
      "position": {
        "x": 479.99999999999994,
        "y": 320.0000000000001,
        "z": 5000
      },
      "rotation": {
        "x": 0,
        "y": 0,
        "z": 0,
        "w": 1
      },
      "viewCenter": {
        "x": 0,
        "y": 0,
        "z": 0
      },
      "contentRect": {
        "x": 0,
        "y": 5.684341886080802e-14,
        "width": 1076.25,
        "height": 717.5
      },
      "scale": 1.12109375
    },
    "1d9ba235-77bb-4e34-b0a5-ced4d07cb86f": {
      "position": {
        "x": 480,
        "y": 320,
        "z": 5000
      },
      "rotation": {
        "x": 0,
        "y": 0,
        "z": 0,
        "w": 1
      },
      "viewCenter": {
        "x": 0,
        "y": 0,
        "z": 0
      },
      "contentRect": {
        "x": 0,
        "y": 5.684341886080802e-14,
        "width": 1191.4,
        "height": 794.2666666666668
      },
      "scale": 1.2410416666666668
    },
    "87578f9f-4a16-418f-8af1-8adcc5c8cdb4": {
      "position": {
        "x": 480,
        "y": 320,
        "z": 5000
      },
      "rotation": {
        "x": 0,
        "y": 0,
        "z": 0,
        "w": 1
      },
      "viewCenter": {
        "x": 0,
        "y": 0,
        "z": 0
      },
      "contentRect": {
        "x": 0,
        "y": 5.684341886080802e-14,
        "width": 989.1000000000001,
        "height": 659.4000000000001
      },
      "scale": 1.0303125000000002
    },
    "5a7de3e5-7033-4354-90f7-5d43ea77b89a": {
      "position": {
        "x": 480.00000000000006,
        "y": 320,
        "z": 5000
      },
      "rotation": {
        "x": 0,
        "y": 0,
        "z": 0,
        "w": 1
      },
      "viewCenter": {
        "x": 0,
        "y": 0,
        "z": 0
      },
      "contentRect": {
        "x": 464,
        "y": 304,
        "width": 659.4000000000001,
        "height": 659.4000000000001
      },
      "scale": 20.606250000000003
    },
    "ba8d625f-fcce-4339-9e5b-09ffce681b83": {
      "position": {
        "x": 400.16858823022517,
        "y": 369.1631337460274,
        "z": 5000
      },
      "rotation": {
        "x": 0,
        "y": 0,
        "z": 0,
        "w": 1
      },
      "viewCenter": {
        "x": 0,
        "y": 0,
        "z": 0
      },
      "contentRect": {
        "x": 27.21449393605651,
        "y": 163.18378672104592,
        "width": 1702,
        "height": 940
      },
      "scale": 2.281782163058307
    },
    "1b051338-1793-4ac5-8315-6c23dff6187d": {
      "position": {
        "x": 480,
        "y": 320,
        "z": 5000
      },
      "rotation": {
        "x": 0,
        "y": 0,
        "z": 0,
        "w": 1
      },
      "viewCenter": {
        "x": 0,
        "y": 0,
        "z": 0
      },
      "contentRect": {
        "x": 0,
        "y": 5.684341886080802e-14,
        "width": 989.1000000000001,
        "height": 659.4000000000001
      },
      "scale": 1.0303125000000002
    },
    "3db29763-13c2-493b-9071-a57cd2298cc4": {
      "position": {
        "x": 480,
        "y": 320,
        "z": 5000
      },
      "rotation": {
        "x": 0,
        "y": 0,
        "z": 0,
        "w": 1
      },
      "viewCenter": {
        "x": 0,
        "y": 0,
        "z": 0
      },
      "contentRect": {
        "x": -345.9629966636335,
        "y": -137.14285714285703,
        "width": 1702,
        "height": 942
      },
      "scale": 1.0303125000000002
    },
    "9213efdf-92bc-4473-8615-519cce236ecb": {
      "position": {
        "x": 443.6570374668436,
        "y": 297.2897817064515,
        "z": 5000
      },
      "rotation": {
        "x": 0,
        "y": 0,
        "z": 0,
        "w": 1
      },
      "viewCenter": {
        "x": 0,
        "y": 0,
        "z": 0
      },
      "contentRect": {
        "x": 349.8612696570671,
        "y": 245.37696544510635,
        "width": 1702,
        "height": 942
      },
      "scale": 9.072904032577249
    },
    "7e7a0a8e-6c42-4c91-95c1-f7ca7e2371ec": {
      "position": {
        "x": 35.95996360327581,
        "y": 23.973309068850597,
        "z": 5000
      },
      "rotation": {
        "x": 0,
        "y": 0,
        "z": 0,
        "w": 1
      },
      "viewCenter": {
        "x": 0,
        "y": 0,
        "z": 0
      },
      "contentRect": {
        "x": -429.91810737033654,
        "y": -286.61207158022427,
        "width": 960,
        "height": 640
      },
      "scale": 1.0303125000000002
    },
    "d49ebaf0-0f77-4b47-8a03-227aa614267b": {
      "position": {
        "x": 480,
        "y": 320,
        "z": 5000
      },
      "rotation": {
        "x": 0,
        "y": 0,
        "z": 0,
        "w": 1
      },
      "viewCenter": {
        "x": 0,
        "y": 0,
        "z": 0
      },
      "contentRect": {
        "x": 0,
        "y": 5.5171046513371436e-14,
        "width": 1702,
        "height": 942
      },
      "scale": 1.0303125000000002
    },
    "abe443d7-05a4-4055-92d8-58e073dcde8d": {
      "position": {
        "x": 480,
        "y": 320,
        "z": 5000
      },
      "rotation": {
        "x": 0,
        "y": 0,
        "z": 0,
        "w": 1
      },
      "viewCenter": {
        "x": 0,
        "y": 0,
        "z": 0
      },
      "contentRect": {
        "x": 0,
        "y": 5.684341886080802e-14,
        "width": 989.1000000000001,
        "height": 659.4000000000001
      },
      "scale": 1.0303125000000002
    },
    "706e8a33-2566-42d8-b06f-0c91d4828a65": {
      "position": {
        "x": 423.0368312230552,